epoch,accuracy,learning_rate,loss,val_accuracy,val_loss
0,0.9497304558753967,0.0010000000474974513,0.14973783493041992,0.937484860420227,0.2079993337392807
1,0.960935115814209,0.0010000000474974513,0.11555138230323792,0.9534770846366882,0.1334220916032791
2,0.9682030081748962,0.0010000000474974513,0.09027225524187088,0.9391810297966003,0.2132444828748703
3,0.9751074910163879,1.9999999494757503e-05,0.07442121207714081,0.964623212814331,0.1030225083231926
4,0.9793471097946167,1.9999999494757503e-05,0.061218760907649994,0.9685001373291016,0.09337949007749557
5,0.9805583953857422,1.9999999494757503e-05,0.059182170778512955,0.9716501235961914,0.0829734057188034
6,0.980316162109375,1.9999999494757503e-05,0.0562598817050457,0.9721347093582153,0.0781073048710823
7,0.9832233190536499,1.9999999494757503e-05,0.05148479714989662,0.972619354724884,0.0774628221988678
8,0.9841923713684082,1.9999999494757503e-05,0.05036776140332222,0.9757693409919739,0.07248803973197937
9,0.9846163392066956,1.9999999494757503e-05,0.04414070397615433,0.9764962196350098,0.06789705902338028
10,0.9833444356918335,1.9999999494757503e-05,0.04683259129524231,0.9757693409919739,0.07312009483575821
11,0.985827624797821,1.9999999494757503e-05,0.04195737838745117,0.9769808650016785,0.06987789273262024
12,0.9859487414360046,3.999999989900971e-06,0.04313041642308235,0.9767385721206665,0.06909751892089844
13,0.9864332675933838,3.999999989900971e-06,0.04303380101919174,0.9774654507637024,0.06932270526885986
14,0.9858881831169128,8.000000093488779e-07,0.04061735421419144,0.9777078032493591,0.06841302663087845
